Redirect: /compliance/antwerp  ->  /antwerp-compliance-mdec-ades
Redirect: /customs/antwerp  ->  /antwerp-customs-mdec-ades
Redirect: /finance/antwerp  ->  /antwerp-finance-mdec-ades
Redirect: /invoice/antwerp  ->  /antwerp-invoice-mdec-ades
Redirect: /logistics/antwerp  ->  /antwerp-logistics-mdec-ades
Redirect: /shipping/antwerp  ->  /antwerp-shipping-mdec-ades
Redirect: /compliance/hamburg  ->  /hamburg-compliance-mdec-ades
Redirect: /customs/hamburg  ->  /hamburg-customs-mdec-ades
Redirect: /finance/hamburg  ->  /hamburg-finance-mdec-ades
Redirect: /invoice/hamburg  ->  /hamburg-invoice-mdec-ades
Redirect: /logistics/hamburg  ->  /hamburg-logistics-mdec-ades
Redirect: /shipping/hamburg  ->  /hamburg-shipping-mdec-ades
Redirect: /compliance/london  ->  /london-compliance-mdec-ades
Redirect: /customs/london  ->  /london-customs-mdec-ades
Redirect: /finance/london  ->  /london-finance-mdec-ades
Redirect: /invoice/london  ->  /london-invoice-mdec-ades
Redirect: /logistics/london  ->  /london-logistics-mdec-ades
Redirect: /shipping/london  ->  /london-shipping-mdec-ades
Redirect: /compliance/rotterdam  ->  /rotterdam-compliance-mdec-ades
Redirect: /customs/rotterdam  ->  /rotterdam-customs-mdec-ades
Redirect: /finance/rotterdam  ->  /rotterdam-finance-mdec-ades
Redirect: /invoice/rotterdam  ->  /rotterdam-invoice-mdec-ades
Redirect: /logistics/rotterdam  ->  /rotterdam-logistics-mdec-ades
Redirect: /shipping/rotterdam  ->  /rotterdam-shipping-mdec-ades
Redirect: /compliance/new-york  ->  /new-york-compliance-mdec-ades
Redirect: /customs/new-york  ->  /new-york-customs-mdec-ades
Redirect: /finance/new-york  ->  /new-york-finance-mdec-ades
Redirect: /invoice/new-york  ->  /new-york-invoice-mdec-ades
Redirect: /logistics/new-york  ->  /new-york-logistics-mdec-ades
Redirect: /shipping/new-york  ->  /new-york-shipping-mdec-ades
Redirect: /compliance/savannah  ->  /savannah-compliance-mdec-ades
Redirect: /customs/savannah  ->  /savannah-customs-mdec-ades
Redirect: /finance/savannah  ->  /savannah-finance-mdec-ades
Redirect: /invoice/savannah  ->  /savannah-invoice-mdec-ades
Redirect: /logistics/savannah  ->  /savannah-logistics-mdec-ades
Redirect: /shipping/savannah  ->  /savannah-shipping-mdec-ades
Redirect: /compliance/charleston  ->  /charleston-compliance-mdec-ades
Redirect: /customs/charleston  ->  /charleston-customs-mdec-ades
Redirect: /finance/charleston  ->  /charleston-finance-mdec-ades
Redirect: /invoice/charleston  ->  /charleston-invoice-mdec-ades
Redirect: /logistics/charleston  ->  /charleston-logistics-mdec-ades
Redirect: /shipping/charleston  ->  /charleston-shipping-mdec-ades
Redirect: /compliance/miami  ->  /miami-compliance-mdec-ades
Redirect: /customs/miami  ->  /miami-customs-mdec-ades
Redirect: /finance/miami  ->  /miami-finance-mdec-ades
Redirect: /invoice/miami  ->  /miami-invoice-mdec-ades
Redirect: /logistics/miami  ->  /miami-logistics-mdec-ades
Redirect: /shipping/miami  ->  /miami-shipping-mdec-ades
Redirect: /compliance/houston  ->  /houston-compliance-mdec-ades
Redirect: /customs/houston  ->  /houston-customs-mdec-ades
Redirect: /finance/houston  ->  /houston-finance-mdec-ades
Redirect: /invoice/houston  ->  /houston-invoice-mdec-ades
Redirect: /logistics/houston  ->  /houston-logistics-mdec-ades
Redirect: /shipping/houston  ->  /houston-shipping-mdec-ades
Redirect: /compliance/los-angeles  ->  /los-angeles-compliance-mdec-ades
Redirect: /customs/los-angeles  ->  /los-angeles-customs-mdec-ades
Redirect: /finance/los-angeles  ->  /los-angeles-finance-mdec-ades
Redirect: /invoice/los-angeles  ->  /los-angeles-invoice-mdec-ades
Redirect: /logistics/los-angeles  ->  /los-angeles-logistics-mdec-ades
Redirect: /shipping/los-angeles  ->  /los-angeles-shipping-mdec-ades
Redirect: /compliance/long-beach  ->  /long-beach-compliance-mdec-ades
Redirect: /customs/long-beach  ->  /long-beach-customs-mdec-ades
Redirect: /finance/long-beach  ->  /long-beach-finance-mdec-ades
Redirect: /invoice/long-beach  ->  /long-beach-invoice-mdec-ades
Redirect: /logistics/long-beach  ->  /long-beach-logistics-mdec-ades
Redirect: /shipping/long-beach  ->  /long-beach-shipping-mdec-ades
Redirect: /compliance/oakland  ->  /oakland-compliance-mdec-ades
Redirect: /customs/oakland  ->  /oakland-customs-mdec-ades
Redirect: /finance/oakland  ->  /oakland-finance-mdec-ades
Redirect: /invoice/oakland  ->  /oakland-invoice-mdec-ades
Redirect: /logistics/oakland  ->  /oakland-logistics-mdec-ades
Redirect: /shipping/oakland  ->  /oakland-shipping-mdec-ades
Redirect: /compliance/chicago  ->  /chicago-compliance-mdec-ades
Redirect: /customs/chicago  ->  /chicago-customs-mdec-ades
Redirect: /finance/chicago  ->  /chicago-finance-mdec-ades
Redirect: /invoice/chicago  ->  /chicago-invoice-mdec-ades
Redirect: /logistics/chicago  ->  /chicago-logistics-mdec-ades
Redirect: /shipping/chicago  ->  /chicago-shipping-mdec-ades
Redirect: /compliance/memphis  ->  /memphis-compliance-mdec-ades
Redirect: /customs/memphis  ->  /memphis-customs-mdec-ades
Redirect: /finance/memphis  ->  /memphis-finance-mdec-ades
Redirect: /invoice/memphis  ->  /memphis-invoice-mdec-ades
Redirect: /logistics/memphis  ->  /memphis-logistics-mdec-ades
Redirect: /shipping/memphis  ->  /memphis-shipping-mdec-ades
Redirect: /compliance/singapore  ->  /singapore-compliance-mdec-ades
Redirect: /customs/singapore  ->  /singapore-customs-mdec-ades
Redirect: /finance/singapore  ->  /singapore-finance-mdec-ades
Redirect: /invoice/singapore  ->  /singapore-invoice-mdec-ades
Redirect: /logistics/singapore  ->  /singapore-logistics-mdec-ades
Redirect: /shipping/singapore  ->  /singapore-shipping-mdec-ades
Redirect: /compliance/hong-kong  ->  /hong-kong-compliance-mdec-ades
Redirect: /customs/hong-kong  ->  /hong-kong-customs-mdec-ades
Redirect: /finance/hong-kong  ->  /hong-kong-finance-mdec-ades
Redirect: /invoice/hong-kong  ->  /hong-kong-invoice-mdec-ades
Redirect: /logistics/hong-kong  ->  /hong-kong-logistics-mdec-ades
Redirect: /shipping/hong-kong  ->  /hong-kong-shipping-mdec-ades
Redirect: /compliance/shanghai  ->  /shanghai-compliance-mdec-ades
Redirect: /customs/shanghai  ->  /shanghai-customs-mdec-ades
Redirect: /finance/shanghai  ->  /shanghai-finance-mdec-ades
Redirect: /invoice/shanghai  ->  /shanghai-invoice-mdec-ades
Redirect: /logistics/shanghai  ->  /shanghai-logistics-mdec-ades
Redirect: /shipping/shanghai  ->  /shanghai-shipping-mdec-ades
Redirect: /compliance/dubai  ->  /dubai-compliance-mdec-ades
Redirect: /customs/dubai  ->  /dubai-customs-mdec-ades
Redirect: /finance/dubai  ->  /dubai-finance-mdec-ades
Redirect: /invoice/dubai  ->  /dubai-invoice-mdec-ades
Redirect: /logistics/dubai  ->  /dubai-logistics-mdec-ades
Redirect: /shipping/dubai  ->  /dubai-shipping-mdec-ades
Redirect: /compliance/busan  ->  /busan-compliance-mdec-ades
Redirect: /customs/busan  ->  /busan-customs-mdec-ades
Redirect: /finance/busan  ->  /busan-finance-mdec-ades
Redirect: /invoice/busan  ->  /busan-invoice-mdec-ades
Redirect: /logistics/busan  ->  /busan-logistics-mdec-ades
Redirect: /shipping/busan  ->  /busan-shipping-mdec-ades
